{"cameraMode":{"drawMode":0,"name":"Shaded","section":"Shading Mode"},"sceneLighting":true,"audioPlay":false,"sceneViewState":{"showFog":true,"showMaterialUpdate":false,"showSkybox":true,"showFlares":true,"showImageEffects":true,"showParticleSystems":true},"in2DMode":false,"pivot":{"x":1.4855095148086548,"y":67.21382141113281,"z":43.912315368652347},"rotation":{"x":0.1985630840063095,"y":0.2938042879104614,"z":-0.0625324621796608,"w":0.932924747467041},"size":84.50784301757813,"orthographic":false}